,id,text,dayOfWeek,time,lang,retweet_count,like_count,reply_count,quote_count,cashtags,hashtags,mention_count,images,author_id
0,1487574965260099588,@pulte This would go a long way to help my family!! https://t.co/K6wL3h0Tzk,6,23:54:44,en,0,0,2,0,[],[],0,['https://t.co/K6wL3h0Tzk'],25189181
1,1487574948768014336,whole family went out so i am chilling with him https://t.co/dZWzDnIJDQ,6,23:54:40,en,0,0,0,0,[],[],0,['https://t.co/dZWzDnIJDQ'],353484475
2,1487574939741958149,My thing is raising animals and plants on our family farm! #YouDoYourThing  #Contest @turbotax https://t.co/0v3Ek5f40i,6,23:54:38,en,0,0,0,0,[],"['YouDoYourThing', 'Contest']",0,['https://t.co/0v3Ek5f40i'],25192844
3,1487574937187635202,Stuffed but happy to see my family my other side of the family ‚ù§Ô∏è https://t.co/Qlpnb9Wtmf,6,23:54:37,en,0,7,0,0,[],[],0,['https://t.co/Qlpnb9Wtmf'],4176577137
4,1487574883718643716,@LUMBERJACKJ0HN @bone_ape #WAGGA BEST FAMILY OUT THERE https://t.co/wg2Jbzfgz8,6,23:54:24,en,0,1,1,0,[],['WAGGA'],0,['https://t.co/wg2Jbzfgz8'],1349271233884528640
5,1487574871479443457,"Tomorrow's tip: don't forget to eat a nice meal and live a little. It's important that you enjoyed this for yourself, and to encourage your family to do so as well. Ultimately, you all have worked so hard for it! https://t.co/u0yRCZmCpn",6,23:54:21,en,0,0,0,0,[],[],0,['https://t.co/u0yRCZmCpn'],1355312030920581120
6,1487574852261199873,"@BitcoinMagazine We don‚Äôt see things as they are, we see them as we are!
We Are @Sugarlandcoin Family

#CG #CMC #NFTCommunity #NFT #nftArt #SUGAR #SUGARLANDCOIN #METAVERSE #BSC #BSCGem #bscgems #cryptocurrency https://t.co/6XJUI7ZNfR",6,23:54:17,en,0,0,0,0,[],"['CG', 'CMC', 'NFTCommunity', 'NFT', 'nftArt', 'SUGAR', 'SUGARLANDCOIN', 'METAVERSE', 'BSC', 'BSCGem', 'bscgems', 'cryptocurrency']",0,['https://t.co/6XJUI7ZNfR'],1386168335302217730
7,1487574849841160195,"@BelleAudiophile Psycho
Meghan Markle family members are not victims they are aggressors &amp; liars https://t.co/64VohCm80h",6,23:54:16,en,0,1,1,1,[],[],0,['https://t.co/64VohCm80h'],726828978540007424
8,1487574847970766848,"@BitcoinMagazine We don‚Äôt see things as they are, we see them as we are!
We Are @Sugarlandcoin Family

#CG #CMC #NFTCommunity #NFT #nftArt #SUGAR #SUGARLANDCOIN #METAVERSE #BSC #BSCGem #bscgems #cryptocurrency https://t.co/hKIWt8FofJ",6,23:54:16,en,0,0,0,0,[],"['CG', 'CMC', 'NFTCommunity', 'NFT', 'nftArt', 'SUGAR', 'SUGARLANDCOIN', 'METAVERSE', 'BSC', 'BSCGem', 'bscgems', 'cryptocurrency']",0,['https://t.co/hKIWt8FofJ'],1386168335302217730
9,1487574838025736193,ü•∞Congratulations to üê≥WhaleRank#500 @coasthawk for joining #NewWorldOrder-NWO family #NFTtrack #cryptoart #NFTartists. Just bought 1. Cost 0.15 ETH($388.21). Holding now 163üíé. @iwwon_official LFG. üöÄüåï https://t.co/rZ5ZdPdLzN https://t.co/GhLjZTjptu,6,23:54:13,en,0,2,0,0,[],"['NewWorldOrder', 'NFTtrack', 'cryptoart', 'NFTartists']",0,"['https://t.co/rZ5ZdPdLzN', 'https://t.co/GhLjZTjptu']",1439168463835058189
10,1487574810846806017,"Roots, Rock, Reggae All Day Everyday! Follow us @RockersMovement Now Playing: I Shot The Sheriff by #bobmarley Live from #Miami to the Global #Reggae Family. #ReggaeRockStars https://t.co/2Wx0rvtXJO https://t.co/pcDz8aMcdA",6,23:54:07,en,0,0,0,0,[],"['bobmarley', 'Miami', 'Reggae', 'ReggaeRockStars']",0,"['https://t.co/2Wx0rvtXJO', 'https://t.co/pcDz8aMcdA']",188402537
11,1487574807336001540,"At the beginning of CNY, the first thing is posted goalkeeper, couplet.
.
.
.
#cny2022 #stayhome #family #reunion #gathering #gettogethers #meeting #red #joyous #festival #couplets #goalkeeper #godofdoor #well #peace #chineseculture #ancienthistory #inheritance #morimatea https://t.co/zjeoMDbBsR",6,23:54:06,en,0,0,0,0,[],"['cny2022', 'stayhome', 'family', 'reunion', 'gathering', 'gettogethers', 'meeting', 'red', 'joyous', 'festival', 'couplets', 'goalkeeper', 'godofdoor', 'well', 'peace', 'chineseculture', 'ancienthistory', 'inheritance', 'morimatea']",0,"['https://t.co/zjeoMDbBsR', 'https://t.co/zjeoMDbBsR', 'https://t.co/zjeoMDbBsR', 'https://t.co/zjeoMDbBsR']",778518378063343616
12,1487574768970731524,Ascension Sports Family Isaiah Wilkins/Longwood finished with 16 points and 6 rebounds in another win. Longwood remains undefeated in the Big South Conference. Find a program changer by recruiting Ascension Sports. #KeepAscending #NoStudentLoans https://t.co/ZcksFKxDMD,6,23:53:57,en,7,17,0,0,[],"['KeepAscending', 'NoStudentLoans']",0,['https://t.co/ZcksFKxDMD'],1120892515673092096
13,1487574761051881477,@Rheasong this is the family dog bernoulli and he's a weirdo https://t.co/sxb0Z6M6Du,6,23:53:55,en,0,1,1,0,[],[],0,"['https://t.co/sxb0Z6M6Du', 'https://t.co/sxb0Z6M6Du', 'https://t.co/sxb0Z6M6Du']",2197087620
14,1487574743528009729,ü•∞Congratulations to üê≥WhaleRank#500 @Stitvuli for joining #Waifusion family #nftwhale #cryptoart #NFT. Just bought 4. Average 0.21 ETH($542.77). Holding now 5. @waifusion LFG. üöÄüåï https://t.co/fOW9TbrC6c https://t.co/zrtIhbTD0m,6,23:53:51,en,0,1,1,0,[],"['Waifusion', 'nftwhale', 'cryptoart', 'NFT']",0,"['https://t.co/fOW9TbrC6c', 'https://t.co/zrtIhbTD0m', 'https://t.co/zrtIhbTD0m', 'https://t.co/zrtIhbTD0m']",1439168463835058189
15,1487574710133137409,"@NYPD32Pct @NYPDPC NYC is hurting with you. We are feeling your pain, sorrow, emptiness and anger. We are crying with you, our hearts are broken! We pray for you, the Rivera family and the NYPD. We ask God to comfort you and help you through these trying times. God Bless üôè https://t.co/kOuaHm16QO",6,23:53:43,en,0,0,0,0,[],[],0,['https://t.co/kOuaHm16QO'],437886774
16,1487574673252573185,My Wife and Kids was the funniest family sitcom and still is damnit üò§ https://t.co/Dpe9yLWr1l,6,23:53:34,en,0,14,4,0,[],[],0,['https://t.co/Dpe9yLWr1l'],1387054253378703361
17,1487574667988721666,What‚Äôs the best way to cap off the day after an @AuburnMBB win? Taking your family to @MonsterJam https://t.co/t2sbemdUAJ,6,23:53:33,en,0,0,0,1,[],[],0,"['https://t.co/t2sbemdUAJ', 'https://t.co/t2sbemdUAJ']",75958793
18,1487574644945158144,ü•∞Congratulations to üê≥WhaleRank#500 @ZhangKai55 for joining #XMetaverseCentralAreaLand family #nftwhale #NFTdrop #NFTtrack. Just bought 4. Average 0.30 ETH($785.26). Holding now 8. @XMetaverse_ Central Area Land LFG. üöÄüåï https://t.co/oEeEkvPPEY https://t.co/P6y7GggMRC,6,23:53:27,en,0,1,0,0,[],"['XMetaverseCentralAreaLand', 'nftwhale', 'NFTdrop', 'NFTtrack']",0,"['https://t.co/oEeEkvPPEY', 'https://t.co/P6y7GggMRC', 'https://t.co/P6y7GggMRC', 'https://t.co/P6y7GggMRC']",1439168463835058189
19,1487574633599881216,Family trip 2022 https://t.co/ySk21BCBSh,6,23:53:25,en,0,0,0,0,[],[],0,"['https://t.co/ySk21BCBSh', 'https://t.co/ySk21BCBSh', 'https://t.co/ySk21BCBSh', 'https://t.co/ySk21BCBSh']",2783641496
20,1487574633264160771,@ClayWedin @HolmonWiggins We would love to have you apart of the crimson tide family Clay!! üêòüêòüêòüèàüèàüèàüíØüíØüíØ https://t.co/k17JD5KH2o,6,23:53:25,en,0,1,0,0,[],[],0,['https://t.co/k17JD5KH2o'],3732744075
21,1487574631804514309,/ found family excellence https://t.co/TJ4iMFMV7C,6,23:53:24,en,0,1,1,0,[],[],0,"['https://t.co/TJ4iMFMV7C', 'https://t.co/TJ4iMFMV7C', 'https://t.co/TJ4iMFMV7C', 'https://t.co/TJ4iMFMV7C']",1480302281601998859
22,1487574613169221634,hope this dude is prepared for this amount of fame in such a short amount of time. Also he's gonna have a terrible fanbase https://t.co/O1GX54GPAu,6,23:53:20,en,1,57,3,2,[],[],0,['https://t.co/O1GX54GPAu'],1153397533269463040
23,1487574612032761856,#FAMüíú &amp; EVERYüíúNE https://t.co/kX0uWixYxq,6,23:53:19,en,4,6,3,0,[],['FAM'],0,['https://t.co/kX0uWixYxq'],1677894596
24,1487574588150226946,"Ray couldn‚Äôt wait for his new housekeeper to arrive. But when she did, it was a whole different matter!
‚òÖFAMILY MATTERS‚òÖ
= = =
‚úîSmashwords https://t.co/tNFIAAl2oT
‚úîLulu pocketbook https://t.co/ALg2jtDX4Z

https://t.co/v6d9f8s8Kh
#ASMSG #newadult",6,23:53:14,en,1,0,0,0,[],"['ASMSG', 'newadult']",0,"['https://t.co/tNFIAAl2oT', 'https://t.co/ALg2jtDX4Z', 'https://t.co/v6d9f8s8Kh']",1586826302
25,1487574586497843200,@izuddinhelmi One happy family at homeee https://t.co/fIXjgOVrhl,6,23:53:13,en,1,24,0,0,[],[],0,['https://t.co/fIXjgOVrhl'],149590975
26,1487574563995422720,"Riski..,

If you are limited.., you cant go anywhere freely because of certain policies related to the corona virus.., then all harry Potter films can accompany you.., we are all family.., https://t.co/jkYDrGuCBd",6,23:53:08,en,0,0,0,0,[],[],0,['https://t.co/jkYDrGuCBd'],163531236
27,1487574546517479424,"O-Net By ONPASSIVE 2021 ‚ùóÔ∏è 
üì≤A revolutionary Social Networking platform... 
üîóConnect with your friends and family and discover new ones...
https://t.co/TsfyVETMfO
#ONPASSIVE #OFounders #earn #GoFounders #Business #AI #ArtificialIntelligence #Technology #Network ... https://t.co/KBcpal4OHn",6,23:53:04,en,0,0,0,0,[],"['ONPASSIVE', 'OFounders', 'earn', 'GoFounders', 'Business', 'AI', 'ArtificialIntelligence', 'Technology', 'Network']",0,"['https://t.co/TsfyVETMfO', 'https://t.co/KBcpal4OHn']",930514094096044033
28,1487574538116292614,@NFTJoules @fame_ladies @worldofwomennft We think so!üî• https://t.co/uO2ZWHUfwk,6,23:53:02,en,0,1,0,0,[],[],0,['https://t.co/uO2ZWHUfwk'],1478867362828984323
29,1487574532047224832,Looking forward to CSW- a time to celebrate our students and staff. Join us at Sunday's 10:30 a.m. Mass at QR Church.  Prospective families invited for guided tours of the school from 11:30 a.m. to 1:30 p.m.  Serving students in 3 yr. preschool through grade 8.  #QRPride https://t.co/c0w1DsZzHv,6,23:53:00,en,0,1,0,0,[],['QRPride'],0,['https://t.co/c0w1DsZzHv'],796440632554352640
30,1487574521494134784,So proud of my students!!  The supportive conversations they are having while peer editing demonstrates how much of a family atmosphere we have all created. Thanks @modernclassproj for helping me with this!  @_ACMSCougars #DCTAstrong https://t.co/j7KNI8kUHv,6,23:52:58,en,2,5,0,0,[],['DCTAstrong'],0,"['https://t.co/j7KNI8kUHv', 'https://t.co/j7KNI8kUHv']",3184530198
31,1487574519334248452,My family &amp; I having Pot Roast for dinner! Mmm.. https://t.co/zmbeajY9Ri,6,23:52:57,en,0,0,0,0,[],[],0,['https://t.co/zmbeajY9Ri'],1439040808964005888
32,1487574514670006272,Homemade carrot cake with cream cheese frosting with family movie night. https://t.co/BP2AzcyhUr,6,23:52:56,en,0,5,0,0,[],[],0,['https://t.co/BP2AzcyhUr'],201088048
33,1487574498891210758,"I am very blessed and exited to announce that I have committed to Saint Johns River State to further my academic and athletic career. I would like to thank God, my family, friends and coaches who have helped me achieve my dreams.üü¶‚¨úÔ∏è      @shsdogsbaseball https://t.co/u54zEnbduQ",6,23:52:52,en,4,12,0,2,[],[],0,['https://t.co/u54zEnbduQ'],1116043030920876032
34,1487574479203151872,"VSC statement in response to Rape Victims Family &amp; Rapists Lawyers Revelations that Radical Prosecutor Buta Biberaj is a LIAR, breaking Law, and fails Victims. Soros Decides,  not Loudoun County‚Äôs Citizens. #Recall @biberajbb https://t.co/FUxsxtntDa https://t.co/E4u1VrGWt4",6,23:52:48,en,5,17,1,1,[],['Recall'],0,"['https://t.co/FUxsxtntDa', 'https://t.co/E4u1VrGWt4']",1409911578330337282
35,1487574459678707720,is this what fame feels like https://t.co/LEPRUY9aDg,6,23:52:43,en,0,4,0,0,[],[],0,['https://t.co/LEPRUY9aDg'],1482640922005409796
36,1487574452477087747,Disney please explain the severe lack of Dolores merch???? ü•∫ she‚Äôs literally the best in the family https://t.co/54fbsO7jvg,6,23:52:41,en,0,0,0,0,[],[],0,"['https://t.co/54fbsO7jvg', 'https://t.co/54fbsO7jvg']",2501708780
37,1487574448349736960,@KindofSpanish @ExpansionPunks Welcome to the XPunks family!!! https://t.co/jG1QjF6LAL,6,23:52:40,en,0,4,1,0,[],[],0,"['https://t.co/jG1QjF6LAL', 'https://t.co/jG1QjF6LAL', 'https://t.co/jG1QjF6LAL', 'https://t.co/jG1QjF6LAL']",1443428247530709000
38,1487574440066039814,Fab wee night at a family party in Partick been a while ‚ù§ https://t.co/N7SNcQX00d,6,23:52:38,en,0,0,0,0,[],[],0,['https://t.co/N7SNcQX00d'],942447511
39,1487574434928017411,my family ‚ú®‚ô° https://t.co/zHEMmQsAt0,6,23:52:37,en,0,2,0,0,[],[],0,['https://t.co/zHEMmQsAt0'],1303553769855242240
40,1487574430826270721,": How far can you go for love?

D: As far as I can

Yep, he didn't spew one lie even a bit. As far as he can go; even if it means making faces just to make her laugh, to slow dance her in front of a million ppl including her &amp; his family, to do smth he hasn't done before..for her https://t.co/wuHkP7DMxZ",6,23:52:36,en,18,64,6,2,[],[],0,"['https://t.co/wuHkP7DMxZ', 'https://t.co/wuHkP7DMxZ', 'https://t.co/wuHkP7DMxZ', 'https://t.co/wuHkP7DMxZ']",1449394720271069188
41,1487574425255890945,At @MaterDeiHoops for the Nike Extravaganza. $10 to park and $25 per person for lower level seats. So for a family of 3 that is $85 to watch your high school kid play a basketball game. Or sit in the nose bleed section for $12 a ticket. Good thing gas is cheap in California. https://t.co/xkh99Myxlf,6,23:52:35,en,0,5,0,0,[],[],0,['https://t.co/xkh99Myxlf'],132279894
42,1487574412933185541,"Sometimes thinking outside of the box for dining yields incredible results! Jock Lindsey‚Äôs Hangar Bar at Disney Springs, serves some incredible small plate dishes.

During the day, it is very family friendly, easier to get a seat than it is at night.

#disney #wdw #disneysprings https://t.co/FT53u7kOeR",6,23:52:32,en,0,0,0,0,[],"['disney', 'wdw', 'disneysprings']",0,"['https://t.co/FT53u7kOeR', 'https://t.co/FT53u7kOeR', 'https://t.co/FT53u7kOeR', 'https://t.co/FT53u7kOeR']",96274816
43,1487574404166991873,"Stay fucking mad, and to piss you fake ""woke"" people off even further, here's a photo of zombie George Floyd in Family Guy. https://t.co/fqCuCvBORQ",6,23:52:30,en,0,0,0,0,[],[],0,['https://t.co/fqCuCvBORQ'],1483865197211275266
44,1487574400715018240,"Thanks to @HexMixIsHere I have now solidified myself in our Discord ""quote of the day"" Hall of Fame. https://t.co/eUwYrEZDjR",6,23:52:29,en,1,2,0,0,[],[],0,['https://t.co/eUwYrEZDjR'],1276961354830639104
45,1487574396017520642,@Apple please fix this before my family kicks me out of the group text https://t.co/u5EWKz2keh,6,23:52:28,en,0,0,0,0,[],[],0,['https://t.co/u5EWKz2keh'],84465456
46,1487574387104436226,"society if #beeduo lived in their mansion, and micheal never got kidnapped and ranboo never died and they're just a happy little family /rp #dsmp #beetwt #dreamsmp #dsmplore https://t.co/fgvZ3wRRJH",6,23:52:26,en,1,0,0,0,[],"['beeduo', 'dsmp', 'beetwt', 'dreamsmp', 'dsmplore']",0,['https://t.co/fgvZ3wRRJH'],1484570532171247617
47,1487574354263117826,ü•∞Congratulations to üî•PopRank#500 @mulligan for joining #EmotesbyHeartYou family #nftart #NFTdrop #NFTGiveaway. Just bought 3. Average 2.27 ETH($5933.05). Holding now 9. @XXHeartYou LFG. üöÄüåï https://t.co/2VU6t8WWay https://t.co/9MSWPHMKYQ,6,23:52:18,en,0,1,0,0,[],"['EmotesbyHeartYou', 'nftart', 'NFTdrop', 'NFTGiveaway']",0,"['https://t.co/2VU6t8WWay', 'https://t.co/9MSWPHMKYQ', 'https://t.co/9MSWPHMKYQ', 'https://t.co/9MSWPHMKYQ']",1439168463835058189
48,1487574350546886656,"Could Big Papi's endorsement get Bonds, Clemens into the Hall? https://t.co/7Bz82I21Mk https://t.co/71MbkrfCSD",6,23:52:17,en,0,0,0,0,[],[],0,"['https://t.co/7Bz82I21Mk', 'https://t.co/71MbkrfCSD']",1661483684
49,1487574334185295873,"My extended family on both sides: gardeners, cultivators, farmers, stretching back several generations.

Me, in the extended family group chat: https://t.co/UMld15yQiU",6,23:52:13,en,1,23,4,0,[],[],0,['https://t.co/UMld15yQiU'],189033086
50,1487574320758988803,"29 of 365: @joshuadun, I will never tire of saying how happy I am to see how you enjoy your breaks together with your family, see how they have fun and how you share some of that fun with us, please don't burn the house down, I hope those cooking classes go well! https://t.co/duZtelF5ae",6,23:52:10,en,0,0,0,0,[],[],0,['https://t.co/duZtelF5ae'],3023158255
51,1487574320628989952,Ichiro unanimous? A wait for Chase Utley? Predicting the next three Hall of Fame classes https://t.co/AWRtncoUaW https://t.co/YIGukIUiVY,6,23:52:10,en,0,0,0,0,[],[],0,"['https://t.co/AWRtncoUaW', 'https://t.co/YIGukIUiVY']",1661483684
52,1487574316363493382,"Bravo all @The_Criterion first night @JaniceOkoh the Gift. A milestone. Great writing. Glorious &amp; powerful performances wrung out of a talented cast by @cjisolo Well done Chris. Afterwards audience, cast, crew, company &amp; families celebrated together in the bar. A perfect evening. https://t.co/EEKjwxGmfh",6,23:52:09,en,3,2,0,0,[],[],0,['https://t.co/EEKjwxGmfh'],1198476313
53,1487574311011774464,"Winners, losers and fallout from the 2022 Baseball Hall of Fame election https://t.co/ZWwegTvXNq https://t.co/N9qJlQkt5M",6,23:52:08,en,0,0,0,0,[],[],0,"['https://t.co/ZWwegTvXNq', 'https://t.co/N9qJlQkt5M']",1661483684
54,1487574303386202115,"@Whalesincoming @binance We don‚Äôt see things as they are, we see them as we are!
We Are @Sugarlandcoin Family

#CG #CMC #NFTCommunity #NFT #nftArt #SUGAR #SUGARLANDCOIN #METAVERSE #BSC #BSCGem #bscgems #cryptocurrency https://t.co/kFXZRIdEpN",6,23:52:06,en,0,1,0,1,[],"['CG', 'CMC', 'NFTCommunity', 'NFT', 'nftArt', 'SUGAR', 'SUGARLANDCOIN', 'METAVERSE', 'BSC', 'BSCGem', 'bscgems', 'cryptocurrency']",0,['https://t.co/kFXZRIdEpN'],1386168335302217730
55,1487574300185874434,Royal Family News: Lady Louise Windsor On The Cusp Of Life Changing Decision https://t.co/OdvrkctsCa #LadyLouise #RoyalNews #LadyLouiseWindsor https://t.co/mH6xeKlUS5,6,23:52:05,en,0,0,0,0,[],"['LadyLouise', 'RoyalNews', 'LadyLouiseWindsor']",0,"['https://t.co/OdvrkctsCa', 'https://t.co/mH6xeKlUS5']",882239518585344002
56,1487574299728773122,Sports world reacts to Red Sox legend David Ortiz making the Hall https://t.co/2mswOd1XMy https://t.co/Jirj2jwXKJ,6,23:52:05,en,0,0,0,0,[],[],0,"['https://t.co/2mswOd1XMy', 'https://t.co/Jirj2jwXKJ']",1661483684
57,1487574295903707143,"Sometimes I like to take my family out to fancy places, NBD. #SaturdayMotivation https://t.co/fYK0rk73CW",6,23:52:04,en,1,12,4,0,[],['SaturdayMotivation'],0,['https://t.co/fYK0rk73CW'],36656068
58,1487574291826757636,Proud to have @MrTimGrubbs speaking at today‚Äôs Kansas Baseball Hall of Fame induction ceremony. Congratulations to all the inductees! https://t.co/XVWSjoLKHF https://t.co/TY17DaKbAr,6,23:52:03,en,2,12,0,1,[],[],0,"['https://t.co/XVWSjoLKHF', 'https://t.co/TY17DaKbAr']",1068562365862608896
59,1487574288605536258,"Most families who live in the US align with constitutional conservative republicans. I love connecting with people and hearing about what matters most to them! 

#texansforlopez 
#truegrassroots
#freedomworks #texasprimaryelection https://t.co/JbqaJA0Ur5",6,23:52:02,en,0,2,0,0,[],"['texansforlopez', 'truegrassroots', 'freedomworks', 'texasprimaryelection']",0,['https://t.co/JbqaJA0Ur5'],1392663003527532550
60,1487574278073720833,In a New World/Law in Order my beautiful yet SO Hurting family members worldwide all magical #Species &amp; their SO beautiful BABIES/YOUTH including magical #Insects #Animals #Fish &amp; their SO beautiful @lopezobrador_ @seyfarthshawLLP @UCincinnatiLaw @CVMTU @PresidentISL Cont https://t.co/UFDw5eM272,6,23:52:00,en,1,1,0,0,[],"['Species', 'Insects', 'Animals', 'Fish']",0,"['https://t.co/UFDw5eM272', 'https://t.co/UFDw5eM272', 'https://t.co/UFDw5eM272', 'https://t.co/UFDw5eM272']",1050125829114609667
61,1487574264018452480,"[Download] EBOOK -&gt; https://t.co/q3DAHk46w4
 Maximized Manhood: A Guide to Family Survival https://t.co/T7HLb5cIvf",6,23:51:56,en,0,0,0,0,[],[],0,"['https://t.co/q3DAHk46w4', 'https://t.co/T7HLb5cIvf']",1476411057774100482
62,1487574252685561857,YOOO! My fellow #Friends #Family #Twittersphere #SNKRScommunity MY TWO BEAUTIFUL DAUGHTERS!!!! WE ARE GETTING READY FOR DISNEY WORLD! WE ARRIVE TOMORROW!!!!! #Blessed #Grateful #Humbled https://t.co/vFkNYC3t8N,6,23:51:54,en,0,26,3,0,[],"['Friends', 'Family', 'Twittersphere', 'SNKRScommunity', 'Blessed', 'Grateful', 'Humbled']",0,['https://t.co/vFkNYC3t8N'],519182562
63,1487574225422786563,@TheLegendsNFTs @Oprah @SuperSoulSunday @TheLegendsNFTs and @Oprah Here is my House of Legends NFT that I own of U. The House of Legends NFT project is giving back to the world they are providing water to families for life in Africa and in India. See them below my Oprah NFT!‚ô•Ô∏è https://t.co/zVPHdTjyB1,6,23:51:47,en,0,1,0,0,[],[],0,['https://t.co/zVPHdTjyB1'],1020645920113872903
64,1487574222805344256,Larsa went all the way back to Miami to yell at these women when we all know it‚Äôs *that family* in Calabasas she‚Äôs mad at #RHOM https://t.co/crNoYsEKbM,6,23:51:47,en,0,1,0,0,[],['RHOM'],0,['https://t.co/crNoYsEKbM'],112328626
65,1487574221047930882,"Lacrosse is a family thing! Always great to play against your brother. 

#ROCvsTOR #NLL https://t.co/W9BUlOxpVx",6,23:51:46,en,3,93,0,2,[],"['ROCvsTOR', 'NLL']",0,['https://t.co/W9BUlOxpVx'],45913677
66,1487574217340108803,"I may have spent long enough in your orbit to have absorbed your ferocious conviction that a happy family c
. ŸãŸÖŸÄ   ŸÉŸàÿØ By prolonged and continued  No ŸÉ ŸÄŸÄÿÆÿµŸÖ, He iŸÜŸéŸÖŸéÿ¥ŸéŸÄ€íŸéI‚Ä¢

üö® https://t.co/E2vqHp0Vli",6,23:51:45,en,0,0,1,0,[],[],0,['https://t.co/E2vqHp0Vli'],1487573039923478533
67,1487574212097331204,"We take the series 3-1 against Asesino Family and move on to @NACAL_COD Winners Semifinals and will face off against @NewThreat 

Great job to the team

-@Shnopsh 
-@FlinchedTK 
-@ReloadzUS 
-@MasonReact https://t.co/JXle5PVvKE",6,23:51:44,en,2,6,0,0,[],[],0,['https://t.co/JXle5PVvKE'],4575212355
68,1487574192002326529,"And my Ape Family keeps on growing...üçåü¶ç‚ö°Ô∏è
Who¬¥s next? üëÄ
@ElrondAPEsClub @BabiesDegen @MonkeysSY https://t.co/Gc03RuGxwS",6,23:51:39,en,1,11,4,0,[],[],0,"['https://t.co/Gc03RuGxwS', 'https://t.co/Gc03RuGxwS', 'https://t.co/Gc03RuGxwS', 'https://t.co/Gc03RuGxwS']",1301139369798119426
69,1487574171865473024,A family divide https://t.co/nBxGHBuPhL,6,23:51:35,en,0,13,3,0,[],[],0,['https://t.co/nBxGHBuPhL'],422330990
70,1487574151531417601,@ginasue @roisinmor Thoughts are with you and the family üíù https://t.co/8KSyILqv46,6,23:51:30,en,0,1,0,0,[],[],0,['https://t.co/8KSyILqv46'],20272286
71,1487574147534188545,"At First African Methodist Episcopal Church (FAME) in LA with L.A. Care. Free COVID-19 vaccination site, including first, second and booster doses, as well as COVID-19 testing, info, food, and haircuts. @latimes https://t.co/WluCso7aiT",6,23:51:29,en,3,15,0,0,[],[],0,"['https://t.co/WluCso7aiT', 'https://t.co/WluCso7aiT', 'https://t.co/WluCso7aiT', 'https://t.co/WluCso7aiT']",17657364
72,1487574138558586883,Intel Biden Not Ave Nothing Is Import Wen You Har Criminal You Not Have No Respect To Any Thing YOUMEN Life Military Country Constitution Wen Every One You Put On you You BREAN DED This GARBAGE IS FRAUD CRIMINAL For 49 Yers Need To By  Whitt Is Family &amp; Is ADMINISTRATIONS &amp; The M https://t.co/RX5dPaWi6D,6,23:51:27,en,0,0,0,0,[],[],0,['https://t.co/RX5dPaWi6D'],1362545177576013827
73,1487574137094774785,Been a rough few weeks but the best player in the world plays tonight. Gather the family around and call grandmother to let her know ‚òéÔ∏è‚òéÔ∏è‚òéÔ∏è‚òéÔ∏è https://t.co/iWcfsJ0GMX,6,23:51:26,en,0,0,0,0,[],[],0,['https://t.co/iWcfsJ0GMX'],101613624
74,1487574125866815488,@richardyoung239 We would love to have u apart of the crimson tide family Richard!! üêòüêòüêòüèàüèàüèàüíØüíØüíØ https://t.co/07kRIkwCzP,6,23:51:24,en,0,1,0,0,[],[],0,['https://t.co/07kRIkwCzP'],3732744075
75,1487574092442370048,Rainy Sunday but it‚Äôs the last working day before the 7-day holiday. People reunion with their family members during Chinese New Year Festival! Wish you and your family a great new year! Champagne on the way! #TeamBottas #VB77 https://t.co/yduLOZPom0,6,23:51:16,en,0,5,0,0,[],"['TeamBottas', 'VB77']",0,['https://t.co/yduLOZPom0'],213679486
76,1487574070204022786,"I just told someone that I'm dealing with the loss of a family member because I wanted them to understand the seriousness of it, and I knew that if I told them my cat was dying, they might not understand. That said, my cat is dying, and I've never felt grief like this before. 1/ https://t.co/DurquQvAPk",6,23:51:10,en,0,2,1,0,[],[],0,['https://t.co/DurquQvAPk'],23982001
77,1487574041951145985,Reasons why ‚ÄòFamily Guy‚Äô is a lasting sitcom : Great writing . https://t.co/dMvnCG2aql,6,23:51:04,en,0,0,0,0,[],[],0,['https://t.co/dMvnCG2aql'],182071194
78,1487574041607098372,"The human urge to deactivate Facebook, sigh if only my family understands that I don't want to touch Facebook. I just want to lurk here and in my discord lol https://t.co/xHD8cI2Vk3",6,23:51:03,en,0,1,1,0,[],[],0,['https://t.co/xHD8cI2Vk3'],3309086178
79,1487574019834621954,"Tour #Scotland travel Blog video of #Scottish images and photos and pictorial record Album 6 on ancestry, genealogy, family history visit and trip to sites including Ballinbreich, Balvaird Castle, Elcho, Glencoe, Highlands, Isle Of Skye, Taymouth Castle https://t.co/mnBM9ek6Fz https://t.co/8eIhWfpwOJ",6,23:50:58,en,2,12,0,0,[],"['Scotland', 'Scottish']",0,"['https://t.co/mnBM9ek6Fz', 'https://t.co/8eIhWfpwOJ']",15842676
80,1487574016160198656,ü•∞Congratulations to üê≥WhaleRank#500 0xf480935955d38a332cf40c65add722d46b922462 for joining #CapsuleHouse family #nftart #NFTdrop #NFTalert. Just bought 3. Average 4.23 ETH($11027.24). Holding now 3. @capsule_house LFG. üöÄüåï https://t.co/JQE4AzI1mz https://t.co/BrLMebc50N,6,23:50:57,en,0,1,0,0,[],"['CapsuleHouse', 'nftart', 'NFTdrop', 'NFTalert']",0,"['https://t.co/JQE4AzI1mz', 'https://t.co/BrLMebc50N', 'https://t.co/BrLMebc50N', 'https://t.co/BrLMebc50N']",1439168463835058189
81,1487574013132029954,5 Important Things in Life You Need #wine #laughter #family #food #friends https://t.co/3SlUqTuoFt,6,23:50:57,en,5,14,3,0,[],"['wine', 'laughter', 'family', 'food', 'friends']",0,['https://t.co/3SlUqTuoFt'],1119937044
82,1487574011269816320,"@Shaatir_ Hello #NFT family
Now all my work is on  #tezos blockchain
5/5
2.5 #XTZ 
https://t.co/DZnDlL9zcG
September 11ü´Çü´Ç https://t.co/jED05ZjeOX",6,23:50:56,en,1,0,0,0,[],"['NFT', 'tezos', 'XTZ']",0,"['https://t.co/DZnDlL9zcG', 'https://t.co/jED05ZjeOX']",1903376078
83,1487573983956508672,"Shout out to 10 Academy athletes, coaches, and families for winning the 11‚Äôs Kingdom Classic!  These littles are ballers.
#TrainWinRepeatüí™üèæüèÜüíôüñ§ https://t.co/4OqVWZ3K4h",6,23:50:50,en,0,10,0,0,[],['TrainWinRepeat'],0,['https://t.co/4OqVWZ3K4h'],2684633854
84,1487573980001230856,Added a new member to the family‚Ä¶Moxy https://t.co/CBMh8RoADt,6,23:50:49,en,0,13,2,0,[],[],0,"['https://t.co/CBMh8RoADt', 'https://t.co/CBMh8RoADt']",900756630459097088
85,1487573956580155396,@Jaystatiion4 @elonmusk What a dad.. here you go son.. how about your own planet to remember me.. everyone in the Elon Family gets a planet from the family trust.. when you turn 30 son the planet will be yours.. i need to train you young boy-oh we are the family who owns the galaxy.. spread your wings https://t.co/7fgjTfT3Y8,6,23:50:43,en,0,0,0,0,[],[],0,['https://t.co/7fgjTfT3Y8'],1412915028726931460
86,1487573949693276161,".@robthishandle the Menendez family hides from NJ problems! How many criminal places have I mentioned for years and no one cared for my family? Why do I get hate crime for reporting a clone of Michelle Obama, Chad Wolf, Christopher Wray and Hunter Biden at Amazon Carteret NJ? https://t.co/TBs6QhiD2M",6,23:50:42,en,0,0,0,0,[],[],0,"['https://t.co/TBs6QhiD2M', 'https://t.co/TBs6QhiD2M', 'https://t.co/TBs6QhiD2M', 'https://t.co/TBs6QhiD2M']",953730403529056257
87,1487573917447299072,@sqingularity you at the family event üíÄ https://t.co/WLoZ81MMpG,6,23:50:34,en,0,1,1,0,[],[],0,['https://t.co/WLoZ81MMpG'],877491763312709632
88,1487573892780544002,"Family outing in Rigby, Idaho https://t.co/cfCDnlAniM",6,23:50:28,en,0,5,0,0,[],[],0,['https://t.co/cfCDnlAniM'],1241447226737487875
89,1487573885151289348,"#TrumpRally tonight soon - only 50 tweets in the last hour according to twitter. Praying for the divine protection of Donald J Trump, his family, supporters, and all those watching. Also praying for his political opposition. Ideas so good they're mandatory https://t.co/Sxw5IF0gNC",6,23:50:26,en,0,3,0,0,[],['TrumpRally'],0,['https://t.co/Sxw5IF0gNC'],1482273232925433858
90,1487573883251089409,"Truly a national effort with some severe penalties, even by today‚Äôs standards. But I know my family members signed on to fight what they saw as a great threat, even if it meant cutting down on some of the finer things in life, and maybe a little of the essential stuff, too. https://t.co/ztdXXJF1zr",6,23:50:26,en,0,4,1,0,[],[],0,['https://t.co/ztdXXJF1zr'],381829918
91,1487573877681115137,"I got a package from my dad today that included some old family artefacts from WWII. Interesting to me are these ration coupons issued in the U.S. during the war by the government. Something about it resonates with me today, in particular. 

Different time. https://t.co/utcjYh5YdX",6,23:50:24,en,0,6,1,0,[],[],0,['https://t.co/utcjYh5YdX'],381829918
92,1487573864829837314,"Hm, so let me get this straight- he has McCarthy levels of distaste for Communism, yet his whole family was involved in the communist regime that destabilised the country and imprisoned and killed many innocent people including intellectuals and religious figures. Very confusing. https://t.co/91Y0m8qh6Y",6,23:50:21,en,1,8,3,0,[],[],0,['https://t.co/91Y0m8qh6Y'],1158006669462388736
93,1487573857146118144,18. She admitted that she uses Rudy for money and fame. https://t.co/Qx2yTU6h3d,6,23:50:19,en,0,2,1,0,[],[],0,"['https://t.co/Qx2yTU6h3d', 'https://t.co/Qx2yTU6h3d', 'https://t.co/Qx2yTU6h3d']",1423262464154669059
94,1487573848979427328,"If you ate breakfast today, thank a farmer. If you bought that breakfast at a store, thank a trucker. If you ate it in peace with your family, thank a veteran.  #TruckersForFreedom2022 #grateful#TruckersForFreedom2022 https://t.co/6E7zL1Unh5",6,23:50:18,en,0,2,1,0,[],['TruckersForFreedom2022'],0,['https://t.co/6E7zL1Unh5'],20932641
95,1487573843883573251,Finally - open the door to a place you and your family will love to call home. #newhome #homesforsale  https://t.co/LE9XtXOmUG https://t.co/WOFnfpjT46,6,23:50:16,en,0,0,0,0,[],"['newhome', 'homesforsale']",0,"['https://t.co/LE9XtXOmUG', 'https://t.co/WOFnfpjT46']",1051805597249744897
96,1487573841169760258,Not posting anything on my timeline about Tom retiring When I read it or hear it from him than that's it! I'm saying he's playing for one more year Love you Tom due what's best for you and your family #Brady https://t.co/6o6Zr7L2KC,6,23:50:16,en,1,14,3,0,[],['Brady'],0,"['https://t.co/6o6Zr7L2KC', 'https://t.co/6o6Zr7L2KC', 'https://t.co/6o6Zr7L2KC', 'https://t.co/6o6Zr7L2KC']",546961396
97,1487573805610504198,"I am excited to announce that I have committed to Mckendree University to further my academic and soccer career! I first want to thank God, and am so thankful for my family, friends and coaches who have supported me in the journey to finding my home. I can‚Äôt wait to be a bearcat! https://t.co/cKHHfcTxOy",6,23:50:07,en,5,96,18,8,[],[],0,['https://t.co/cKHHfcTxOy'],971544137794248706
98,1487573790049529858,In a New World/Law in Order my beautiful yet SO Hurting family members worldwide all magical Species &amp; their SO beautiful BABIES/YOUTH including magical #Insects #Animals #Fish &amp; their SO  @lopezobrador_ @KattenLaw @DrexelKlineCSO @jlugiessen @PresidentISL Cont https://t.co/GlfFyLlkpd,6,23:50:03,en,1,2,0,0,[],"['Insects', 'Animals', 'Fish']",0,"['https://t.co/GlfFyLlkpd', 'https://t.co/GlfFyLlkpd', 'https://t.co/GlfFyLlkpd', 'https://t.co/GlfFyLlkpd']",1050125829114609667
99,1487573788199817217,adding @pamsiekiss drawing to the hall of fame https://t.co/qDLwAKO1OE,6,23:50:03,en,2,5,0,1,[],[],0,"['https://t.co/qDLwAKO1OE', 'https://t.co/qDLwAKO1OE', 'https://t.co/qDLwAKO1OE']",1460280395413348357
